<install>

	<version>0.02</version>
	<author>zach lieberman</author>
	<url></url>

	<add>

		<!-- 	=====================================================================	-->
		<!--	========================== add per project using this addon =========	-->
		<!-- 	=====================================================================	-->

		<src>
			<folder name="addons/ofxOpenCv/src">						
				<file>../../../addons/ofxOpenCv/src/ofxCvBlob.h</file>
				<file>../../../addons/ofxOpenCv/src/ofxCvColorImage.cpp</file>
				<file>../../../addons/ofxOpenCv/src/ofxCvColorImage.h</file>
				<file>../../../addons/ofxOpenCv/src/ofxCvConstants.h</file>
				<file>../../../addons/ofxOpenCv/src/ofxCvContourFinder.cpp</file>
				<file>../../../addons/ofxOpenCv/src/ofxCvContourFinder.h</file>
				<file>../../../addons/ofxOpenCv/src/ofxCvFloatImage.cpp</file>
				<file>../../../addons/ofxOpenCv/src/ofxCvFloatImage.h</file>
				<file>../../../addons/ofxOpenCv/src/ofxCvGrayscaleImage.cpp</file>
				<file>../../../addons/ofxOpenCv/src/ofxCvGrayscaleImage.h</file>
				<file>../../../addons/ofxOpenCv/src/ofxCvImage.cpp</file>
				<file>../../../addons/ofxOpenCv/src/ofxCvImage.h</file>
				<file>../../../addons/ofxOpenCv/src/ofxCvMain.h</file>
				<file>../../../addons/ofxOpenCv/src/ofxCvShortImage.cpp</file>
				<file>../../../addons/ofxOpenCv/src/ofxCvShortImage.h</file>
				<file>../../../addons/ofxOpenCv/src/ofxOpenCv.h</file>
				
				<!-- CodeBlocks addon: added 2009.08.09, Roxlu -->
				<file>../../../addons/ofxOpenCv/libs/opencv/include/cv.h</file>
				<file>../../../addons/ofxOpenCv/libs/opencv/include/cv.hpp</file>
				<file>../../../addons/ofxOpenCv/libs/opencv/include/cvaux.h</file>
				<file>../../../addons/ofxOpenCv/libs/opencv/include/cvaux.hpp</file>
				<file>../../../addons/ofxOpenCv/libs/opencv/include/cvcompat.h</file>
				<file>../../../addons/ofxOpenCv/libs/opencv/include/cvmat.hpp</file>
				<file>../../../addons/ofxOpenCv/libs/opencv/include/cvstreams.h</file>
				<file>../../../addons/ofxOpenCv/libs/opencv/include/cvtypes.h</file>
				<file>../../../addons/ofxOpenCv/libs/opencv/include/cvver.h</file>
				<file>../../../addons/ofxOpenCv/libs/opencv/include/cvvidsurv.hpp</file>
				<file>../../../addons/ofxOpenCv/libs/opencv/include/cvwimage.h</file>
				<file>../../../addons/ofxOpenCv/libs/opencv/include/cxcore.h</file>
				<file>../../../addons/ofxOpenCv/libs/opencv/include/cxcore.hpp</file>
				<file>../../../addons/ofxOpenCv/libs/opencv/include/xcerror.h</file>
				<file>../../../addons/ofxOpenCv/libs/opencv/include/cxmisc.h</file>
				<file>../../../addons/ofxOpenCv/libs/opencv/include/cxtypes.h</file>
				<!-- end added -->
				
			</folder>
		</src>

		<include>
			<path>../../../addons/ofxOpenCv/src</path>
			<path>../../../addons/ofxOpenCv/libs/opencv/include</path>
		</include>
		

		<link>
			<lib os="win32" compiler="devcpp,codewarrior,visualstudio">../../../addons/ofxOpenCv/libs/opencv/lib/win32/cv.lib</lib>
			<lib os="win32" compiler="devcpp,codewarrior,visualstudio">../../../addons/ofxOpenCv/libs/opencv/lib/win32/cxcore.lib</lib>
			<lib os="mac"   compiler="xcode,codeblocks">../../../addons/ofxOpenCv/libs/opencv/lib/osx/libOpenCv.a</lib>
			<lib os="linux" compiler="codeblocks, makefile">../../../addons/ofxOpenCv/libs/opencv/lib/linux/libcv.so.1.0.0</lib>
			<lib os="linux" compiler="codeblocks, makefile">../../../addons/ofxOpenCv/libs/opencv/lib/linux/libcxcore.so.1.0.0</lib>
			
			<!-- CodeBlocks addon: added 2009.08.09; add in reverse order! so livcv.a will be linked against first!, Roxlu -->
			<lib os="win32" compiler="codeblocks">../../../addons/ofxOpenCv/libs/opencv/lib/win_cb/</lib>
			<lib os="win32" compiler="codeblocks">../../../addons/ofxOpenCv/libs/opencv/lib/win_cb/libcv.a</lib>
			<!-- end added -->
			
			
			
		</link>
		
		<sharedObjects>
			<obj os="win32">../../../addons/ofxOpenCv/dll/cv100.dll</obj>
			<obj os="win32">../../../addons/ofxOpenCv/dll/cxcore100.dll</obj>
			<obj os="win32">../../../addons/ofxOpenCv/dll/libguide40.dll</obj>
			<obj os="linux">../../../addons/ofxOpenCv/libs/opencv/lib/linux/libcv.so.1</obj>
			<obj os="linux">../../../addons/ofxOpenCv/libs/opencv/lib/linux/libcv.so.1.0.0</obj>
			<obj os="linux">../../../addons/ofxOpenCv/libs/opencv/lib/linux/libcxcore.so.1</obj>
			<obj os="linux">../../../addons/ofxOpenCv/libs/opencv/lib/linux/libcxcore.so.1.0.0</obj>		
		</sharedObjects>	
		

	</add>
	
	
</install>

