<install>

	<version>0.02</version>
	<author>??</author>
	<url></url>

	<add>

		<!-- 	=====================================================================	-->
		<!--	========================== add per project using this addon =========	-->
		<!-- 	=====================================================================	-->

		<src>
			<folder name="addons/ofxContourAnalysis/src">						
				<file>../../../addons/ofxContourAnalysis/src/convexHull.h</file>
				<file>../../../addons/ofxContourAnalysis/src/ofxContourAnalysis.h</file>
				<file>../../../addons/ofxContourAnalysis/src/ofxContourAnalysisConstants.h</file>
				<file>../../../addons/ofxContourAnalysis/src/polylineSimplify.h</file>
				
				<file>../../../addons/ofxContourAnalysis/triangle/assert.hpp</file>
				<file>../../../addons/ofxContourAnalysis/triangle/del_impl.cpp</file>
				<file>../../../addons/ofxContourAnalysis/triangle/del_interface.hpp</file>
				<file>../../../addons/ofxContourAnalysis/triangle/dpoint.hpp</file>
				<file>../../../addons/ofxContourAnalysis/triangle/triangle.h</file>
				<file>../../../addons/ofxContourAnalysis/triangle/triangle_impl.hpp</file>
			</folder>
		</src>

		<include>
			<path>../../../addons/ofxContourAnalysis/src</path>
			<path>../../../addons/ofxContourAnalysis/triangle</path>
		</include>

	</add>
	
	
</install>

