<install>
	
	<version>0.01</version>
	<author>chris sugrue, stefanix</author>
	<url></url>
	
	<add>
		
		<!-- 	=====================================================================	-->
		<!--	========================== add per project using this addon =========	-->
		<!-- 	=====================================================================	-->
	
		<src>
			<folder name="addons/ofxVectorMath/src">
				<file>../../../addons/ofxVectorMath/src/ofxMatrix3x3.h</file>
				<file>../../../addons/ofxVectorMath/src/ofxPoint2f.h</file>
				<file>../../../addons/ofxVectorMath/src/ofxPoint3f.h</file>
				<file>../../../addons/ofxVectorMath/src/ofxPoint4f.h</file>
				<file>../../../addons/ofxVectorMath/src/ofxVec2f.h</file>
				<file>../../../addons/ofxVectorMath/src/ofxVec3f.h</file>
				<file>../../../addons/ofxVectorMath/src/ofxVec4f.h</file>
				<file>../../../addons/ofxVectorMath/src/ofxVectorMath.h</file>
				
				<!-- CodeBlocks addon: added 2009.08.09, Roxlu -->
				<file>../../../addons/ofxVectorMath/src/ofxMatrix3x3.cpp</file>
				<!--<file>../../../addons/ofxVectorMath/src/ofxPoint2f.cpp</file>-->
				<!--<file>../../../addons/ofxVectorMath/src/ofxPoint3f.cpp</file>-->
				<!--<file>../../../addons/ofxVectorMath/src/ofxPoint4f.cpp</file>-->
				<!--<file>../../../addons/ofxVectorMath/src/ofxVec2f.cpp</file>-->
				<!--<file>../../../addons/ofxVectorMath/src/ofxVec3f.cpp</file>-->
				<!--<file>../../../addons/ofxVectorMath/src/ofxVec4f.cpp</file>-->
				<!-- end added -->
				
			</folder>
		</src>
		
		<include>
			<path>../../../addons/ofxVectorMath/src</path>
		</include>
		
	</add>
	 
</install>




