<install>
    <name>ofxCvBlobTracker</name>
	<version>1</version>
	<author>stefanix</author>
	<url></url>
	<add>
		<src>
			<folder name="addons/ofxCvBlobTrackerOld/src">						
				<file>../../../addons/ofxCvBlobTrackerOld/src/ofxCvBlobTracker.cpp</file>
				<file>../../../addons/ofxCvBlobTrackerOld/src/ofxCvBlobTracker.h</file>
				<file>../../../addons/ofxCvBlobTrackerOld/src/ofxCvTrackedBlob.h</file>
				<file>../../../addons/ofxCvBlobTrackerOld/src/ofxCvConstants_Track.h</file>
			</folder>
		</src>
		<include>
			<path>../../../addons/ofxCvBlobTrackerOld/src</path>
		</include>
		<link>
		</link>
	</add>	
</install>