<install>
    <name>ofxCvBlobTracker</name>
	<version>1</version>
	<author>leigh, stefanix</author>
	<url></url>
	<add>
		<src>
			<folder name="addons/ofxCvBlobTracker/src">						
				<file>../../../addons/ofxCvBlobTracker/src/ofxCvBlobTracker.cpp</file>
				<file>../../../addons/ofxCvBlobTracker/src/ofxCvBlobTracker.h</file>
				<file>../../../addons/ofxCvBlobTracker/src/ofxCvTrackedBlob.cpp</file>
				<file>../../../addons/ofxCvBlobTracker/src/ofxCvTrackedBlob.h</file>
				<file>../../../addons/ofxCvBlobTracker/src/ofxCvConstants_Track.h</file>
			</folder>
		</src>
		<include>
			<path>../../../addons/ofxCvBlobTracker/src</path>
		</include>
		<link>
		</link>
	</add>	
</install>