<install>
    <name>ofxBox2dL</name>
	<version>2.2.0.131</version>
	<author>leigh, erin catto</author>
	<url></url>
	<add>
		<src>
			<folder name="addons/ofxBox2dL/src">						
				<file>../../../addons/ofxBox2dL/src/ofxBox2d.cpp</file>
				<file>../../../addons/ofxBox2dL/src/ofxBox2d.h</file>
				<file>../../../addons/ofxBox2dL/src/ofxBox2dBaseShape.cpp</file>
				<file>../../../addons/ofxBox2dL/src/ofxBox2dBaseShape.h</file>
				<file>../../../addons/ofxBox2dL/src/ofxBox2dCircle.cpp</file>
				<file>../../../addons/ofxBox2dL/src/ofxBox2dCircle.h</file>
				<file>../../../addons/ofxBox2dL/src/ofxBox2dLoop.cpp</file>
				<file>../../../addons/ofxBox2dL/src/ofxBox2dLoop.h</file>
				<file>../../../addons/ofxBox2dL/src/ofxBox2dRender.cpp</file>
				<file>../../../addons/ofxBox2dL/src/ofxBox2dRender.h</file>
				<file>../../../addons/ofxBox2dL/src/ofxBox2dUtils.h</file>
			</folder>
			<folder name="addons/ofxBox2dL/lib/Box2D">						
				<file>../../../addons/ofxBox2dL/lib/Box2D/Box2D.h</file>
			</folder>
			<folder name="addons/ofxBox2dL/lib/Box2D/Collision">						
				<file>../../../addons/ofxBox2dL/lib/Box2D/Collision/b2BroadPhase.cpp</file>
				<file>../../../addons/ofxBox2dL/lib/Box2D/Collision/b2BroadPhase.h</file>
				<file>../../../addons/ofxBox2dL/lib/Box2D/Collision/b2CollideCircle.cpp</file>
				<file>../../../addons/ofxBox2dL/lib/Box2D/Collision/b2CollideEdge.cpp</file>
				<file>../../../addons/ofxBox2dL/lib/Box2D/Collision/b2CollidePolygon.cpp</file>
				<file>../../../addons/ofxBox2dL/lib/Box2D/Collision/b2Collision.cpp</file>
				<file>../../../addons/ofxBox2dL/lib/Box2D/Collision/b2Collision.h</file>
				<file>../../../addons/ofxBox2dL/lib/Box2D/Collision/b2Distance.cpp</file>
				<file>../../../addons/ofxBox2dL/lib/Box2D/Collision/b2Distance.h</file>
				<file>../../../addons/ofxBox2dL/lib/Box2D/Collision/b2DynamicTree.cpp</file>
				<file>../../../addons/ofxBox2dL/lib/Box2D/Collision/b2DynamicTree.h</file>
				<file>../../../addons/ofxBox2dL/lib/Box2D/Collision/b2TimeOfImpact.cpp</file>
				<file>../../../addons/ofxBox2dL/lib/Box2D/Collision/b2TimeOfImpact.h</file>
			</folder>
			<folder name="addons/ofxBox2dL/lib/Box2D/Collision/Shapes">						
				<file>../../../addons/ofxBox2dL/lib/Box2D/Collision/Shapes/b2CircleShape.cpp</file>
				<file>../../../addons/ofxBox2dL/lib/Box2D/Collision/Shapes/b2CircleShape.h</file>
				<file>../../../addons/ofxBox2dL/lib/Box2D/Collision/Shapes/b2EdgeShape.cpp</file>
				<file>../../../addons/ofxBox2dL/lib/Box2D/Collision/Shapes/b2EdgeShape.h</file>
				<file>../../../addons/ofxBox2dL/lib/Box2D/Collision/Shapes/b2LoopShape.cpp</file>
				<file>../../../addons/ofxBox2dL/lib/Box2D/Collision/Shapes/b2LoopShape.h</file>
				<file>../../../addons/ofxBox2dL/lib/Box2D/Collision/Shapes/b2PolygonShape.cpp</file>
				<file>../../../addons/ofxBox2dL/lib/Box2D/Collision/Shapes/b2PolygonShape.h</file>
				<file>../../../addons/ofxBox2dL/lib/Box2D/Collision/Shapes/b2Shape.h</file>
			</folder>
			<folder name="addons/ofxBox2dL/lib/Box2D/Common">						
				<file>../../../addons/ofxBox2dL/lib/Box2D/Common/b2BlockAllocator.cpp</file>
				<file>../../../addons/ofxBox2dL/lib/Box2D/Common/b2BlockAllocator.h</file>
				<file>../../../addons/ofxBox2dL/lib/Box2D/Common/b2GrowableStack.h</file>
				<file>../../../addons/ofxBox2dL/lib/Box2D/Common/b2Math.cpp</file>
				<file>../../../addons/ofxBox2dL/lib/Box2D/Common/b2Math.h</file>
				<file>../../../addons/ofxBox2dL/lib/Box2D/Common/b2Settings.cpp</file>
				<file>../../../addons/ofxBox2dL/lib/Box2D/Common/b2Settings.h</file>
				<file>../../../addons/ofxBox2dL/lib/Box2D/Common/b2StackAllocator.cpp</file>
				<file>../../../addons/ofxBox2dL/lib/Box2D/Common/b2StackAllocator.h</file>
			</folder>
			<folder name="addons/ofxBox2dL/lib/Box2D/Dynamics">						
				<file>../../../addons/ofxBox2dL/lib/Box2D/Dynamics/b2Body.cpp</file>
				<file>../../../addons/ofxBox2dL/lib/Box2D/Dynamics/b2Body.h</file>
				<file>../../../addons/ofxBox2dL/lib/Box2D/Dynamics/b2ContactManager.cpp</file>
				<file>../../../addons/ofxBox2dL/lib/Box2D/Dynamics/b2ContactManager.h</file>
				<file>../../../addons/ofxBox2dL/lib/Box2D/Dynamics/b2Fixture.cpp</file>
				<file>../../../addons/ofxBox2dL/lib/Box2D/Dynamics/b2Fixture.h</file>
				<file>../../../addons/ofxBox2dL/lib/Box2D/Dynamics/b2Island.cpp</file>
				<file>../../../addons/ofxBox2dL/lib/Box2D/Dynamics/b2Island.h</file>
				<file>../../../addons/ofxBox2dL/lib/Box2D/Dynamics/b2TimeStep.h</file>
				<file>../../../addons/ofxBox2dL/lib/Box2D/Dynamics/b2World.cpp</file>
				<file>../../../addons/ofxBox2dL/lib/Box2D/Dynamics/b2World.h</file>
				<file>../../../addons/ofxBox2dL/lib/Box2D/Dynamics/b2WorldCallbacks.cpp</file>
				<file>../../../addons/ofxBox2dL/lib/Box2D/Dynamics/b2WorldCallbacks.h</file>
			</folder>
			<folder name="addons/ofxBox2dL/lib/Box2D/Dynamics/Contacts">						
				<file>../../../addons/ofxBox2dL/lib/Box2D/Dynamics/Contacts/b2CircleContact.cpp</file>
				<file>../../../addons/ofxBox2dL/lib/Box2D/Dynamics/Contacts/b2CircleContact.h</file>
				<file>../../../addons/ofxBox2dL/lib/Box2D/Dynamics/Contacts/b2Contact.cpp</file>
				<file>../../../addons/ofxBox2dL/lib/Box2D/Dynamics/Contacts/b2Contact.h</file>
				<file>../../../addons/ofxBox2dL/lib/Box2D/Dynamics/Contacts/b2ContactSolver.cpp</file>
				<file>../../../addons/ofxBox2dL/lib/Box2D/Dynamics/Contacts/b2ContactSolver.h</file>
				<file>../../../addons/ofxBox2dL/lib/Box2D/Dynamics/Contacts/b2EdgeAndCircleContact.cpp</file>
				<file>../../../addons/ofxBox2dL/lib/Box2D/Dynamics/Contacts/b2EdgeAndCircleContact.h</file>
				<file>../../../addons/ofxBox2dL/lib/Box2D/Dynamics/Contacts/b2EdgeAndPolygonContact.cpp</file>
				<file>../../../addons/ofxBox2dL/lib/Box2D/Dynamics/Contacts/b2EdgeAndPolygonContact.h</file>
				<file>../../../addons/ofxBox2dL/lib/Box2D/Dynamics/Contacts/b2LoopAndCircleContact.cpp</file>
				<file>../../../addons/ofxBox2dL/lib/Box2D/Dynamics/Contacts/b2LoopAndCircleContact.h</file>
				<file>../../../addons/ofxBox2dL/lib/Box2D/Dynamics/Contacts/b2LoopAndPolygonContact.cpp</file>
				<file>../../../addons/ofxBox2dL/lib/Box2D/Dynamics/Contacts/b2LoopAndPolygonContact.h</file>
				<file>../../../addons/ofxBox2dL/lib/Box2D/Dynamics/Contacts/b2PolygonAndCircleContact.cpp</file>
				<file>../../../addons/ofxBox2dL/lib/Box2D/Dynamics/Contacts/b2PolygonAndCircleContact.h</file>
				<file>../../../addons/ofxBox2dL/lib/Box2D/Dynamics/Contacts/b2PolygonContact.cpp</file>
				<file>../../../addons/ofxBox2dL/lib/Box2D/Dynamics/Contacts/b2PolygonContact.h</file>
			</folder>
			<folder name="addons/ofxBox2dL/lib/Box2D/Dynamics/Joints">						
				<file>../../../addons/ofxBox2dL/lib/Box2D/Dynamics/Joints/b2DistanceJoint.cpp</file>
				<file>../../../addons/ofxBox2dL/lib/Box2D/Dynamics/Joints/b2DistanceJoint.h</file>
				<file>../../../addons/ofxBox2dL/lib/Box2D/Dynamics/Joints/b2FrictionJoint.cpp</file>
				<file>../../../addons/ofxBox2dL/lib/Box2D/Dynamics/Joints/b2FrictionJoint.h</file>
				<file>../../../addons/ofxBox2dL/lib/Box2D/Dynamics/Joints/b2GearJoint.cpp</file>
				<file>../../../addons/ofxBox2dL/lib/Box2D/Dynamics/Joints/b2GearJoint.h</file>
				<file>../../../addons/ofxBox2dL/lib/Box2D/Dynamics/Joints/b2Joint.cpp</file>
				<file>../../../addons/ofxBox2dL/lib/Box2D/Dynamics/Joints/b2Joint.h</file>
				<file>../../../addons/ofxBox2dL/lib/Box2D/Dynamics/Joints/b2LineJoint.cpp</file>
				<file>../../../addons/ofxBox2dL/lib/Box2D/Dynamics/Joints/b2LineJoint.h</file>
				<file>../../../addons/ofxBox2dL/lib/Box2D/Dynamics/Joints/b2MouseJoint.cpp</file>
				<file>../../../addons/ofxBox2dL/lib/Box2D/Dynamics/Joints/b2MouseJoint.h</file>
				<file>../../../addons/ofxBox2dL/lib/Box2D/Dynamics/Joints/b2PrismaticJoint.cpp</file>
				<file>../../../addons/ofxBox2dL/lib/Box2D/Dynamics/Joints/b2PrismaticJoint.h</file>
				<file>../../../addons/ofxBox2dL/lib/Box2D/Dynamics/Joints/b2PulleyJoint.cpp</file>
				<file>../../../addons/ofxBox2dL/lib/Box2D/Dynamics/Joints/b2PulleyJoint.h</file>
				<file>../../../addons/ofxBox2dL/lib/Box2D/Dynamics/Joints/b2RevoluteJoint.cpp</file>
				<file>../../../addons/ofxBox2dL/lib/Box2D/Dynamics/Joints/b2RevoluteJoint.h</file>
				<file>../../../addons/ofxBox2dL/lib/Box2D/Dynamics/Joints/b2WeldJoint.cpp</file>
				<file>../../../addons/ofxBox2dL/lib/Box2D/Dynamics/Joints/b2WeldJoint.h</file>
			</folder>
		</src>
		<include>
			<path>../../../addons/ofxBox2dL/src</path>
			<path>../../../addons/ofxBox2dL/lib</path>
		</include>
		<link>
		</link>
	</add>	
</install>