<install>
	
	<version>0.01</version>
	<author>?</author>
	<url></url>
	
	<add>
		
		<!-- 	=====================================================================	-->
		<!--	========================== add per project using this addon =========	-->
		<!-- 	=====================================================================	-->
	
		<src>
			<folder name="addons/ofxContourUtil/src">
				<file>../../../addons/ofxContourUtil/src/ofxContourUtil.h</file>
				<file>../../../addons/ofxContourUtil/src/ofxContourUtil.cpp</file>
				<file>../../../addons/ofxContourUtil/src/convexHull.h</file>
				<file>../../../addons/ofxContourUtil/src/polylineSimplify.h</file>
			</folder>
		</src>
		
		<include>
			<path>../../../addons/ofxContourUtil/src</path>
		</include>
		
	</add>
	 
</install>